hotel,restaurant
Grand Plaza,Chez Pierre
Grand Plaza,Le Petit Bistro
Grand Plaza,La Trattoria
Sunset Resort,Sushi House
Sunset Resort,Thai Palace
Sunset Resort,The Steakhouse
The Oasis,Casa Mexicana
The Oasis,Le Coin Gourmand
The Oasis,Burger Joint
Royal Palace,Spice Garden
Royal Palace,Golden Dragon
Royal Palace,La Belle Epoque
City View Inn,The Sushi Bar
City View Inn,Maison de Curry
City View Inn,Tandoori Express
Mountain Retreat,Aroma Café
Mountain Retreat,Sabor Latino
Mountain Retreat,La Pizzeria
Seaside Hotel,Mamma Mia
Seaside Hotel,La Trattoria
Seaside Hotel,Thai Palace
The Grandeur,Le Paradis du Goût
The Grandeur,The Steakhouse
The Grandeur,The Sushi Bar
Green Valley Lodge,La Pizzeria
Green Valley Lodge,Burger Joint
Green Valley Lodge,Maison de Curry
Harbor View Inn,Sabor Latino
Harbor View Inn,Aroma Café
Harbor View Inn,Le Petit Bistro
La Petite Auberge,Le Paradis du Goût
La Petite Auberge,Chez Pierre
La Petite Auberge,Sushi House
Oceanfront Resort,Mamma Mia
Oceanfront Resort,The Sushi Bar
Oceanfront Resort,La Belle Epoque
Hillside Retreat,Golden Dragon
Hillside Retreat,Maison de Curry
Hillside Retreat,Le Petit Bistro
Regal Manor,Aroma Café
Regal Manor,Sabor Latino
Regal Manor,La Trattoria
Central Plaza,La Pizzeria
Central Plaza,Burger Joint
Central Plaza,Tandoori Express
Alpine Lodge,Le Paradis du Goût
Alpine Lodge,Chez Pierre
Alpine Lodge,The Steakhouse
Coastal Escape,Spice Garden
Coastal Escape,The Sushi Bar
Coastal Escape,The Sushi Bar
The Renaissance,Mamma Mia
The Renaissance,Thai Palace
The Renaissance,La Belle Epoque
Safari Lodge,Golden Dragon
Safari Lodge,Aroma Café
Safari Lodge,La Trattoria
Urban Oasis,Maison de Curry
Urban Oasis,Sabor Latino
Urban Oasis,Burger Joint
